n,depth,best_error,expr,nodes,dps,runtime_seconds
7,0,0.0005389821866023103,(38/61),1,80,0.015
7,1,0.00022598221508429717,(((8/7) * sqrt(7)) + (-12/5)),6,80,0.015
