n,depth,best_error,expr,nodes,dps,runtime_seconds
13,0,3.935898654328085e-05,(85/96),1,80,176.488
13,1,1.8833553026009753e-06,(sqrt((117/133)) * sqrt((336/377))),5,80,176.488
13,2,2.7553566095406268e-08,sqrt(((sqrt((1517/1728)) * sqrt((25/28))) * (sqrt((215/243)) * sqrt((39/44))))),12,80,176.488
13,3,1.46693590608038e-09,(sqrt(sqrt(((sqrt((156/175)) * sqrt((51/58))) * (sqrt((448/507)) * sqrt((71/80)))))) * sqrt(sqrt(((sqrt((192/215)) * sqrt((640/729))) * (sqrt((455/512)) * sqrt((847/960))))))),27,80,176.488
13,4,1.46693590608038e-09,(sqrt(sqrt(((sqrt((156/175)) * sqrt((51/58))) * (sqrt((448/507)) * sqrt((71/80)))))) * sqrt(sqrt(((sqrt((192/215)) * sqrt((640/729))) * (sqrt((455/512)) * sqrt((847/960))))))),27,80,176.488
